player_name,normalized_ktc,normalized_fc,normalized_fp,ktc_rank,fc_position,fc_rank_overall,avg_norm,weighted_avg_norm,weighted_avg_norm_rank,weighted_norm_value_drop,draft_year,rnd,pick
Patrick Mahomes,10000,10000,10000,1,QB,1,10000,10000,1,NA,2017,1,10
Josh Allen,9945,9555,10000,2,QB,2,9833.333333333334,9763.75,2,-236.25,2018,1,7
Jalen Hurts,9037,8642,9630,5,QB,3,9103,8987.75,3,-776,2020,2,53
Joe Burrow,9212,8490,9383,4,QB,4,9028.333333333334,8893.75,4,-94,2020,1,1
Justin Jefferson,9224,8300,8765,3,WR,5,8763,8647.25,5,-246.5,2020,1,22
Justin Herbert,8165,7441,8642,6,QB,6,8082.666666666667,7922.25,6,-725,2020,1,6
Ja'Marr Chase,8165,7194,8642,7,WR,7,8000.333333333333,7798.75,7,-123.5,2021,1,5
Trevor Lawrence,7763,6425,8519,8,QB,8,7569,7283,8,-515.75,2021,1,1
Lamar Jackson,6977,6156,8148,9,QB,9,7093.666666666667,6859.25,9,-423.75,2018,1,32
Justin Fields,6297,5559,8765,12,QB,10,6873.666666666667,6545,10,-314.25,2021,1,11
CeeDee Lamb,6535,5383,8395,10,WR,11,6771,6424,11,-121,2020,1,17
A.J. Brown,6454,5089,8272,11,WR,12,6605,6226,12,-198,2019,2,51
Jonathan Taylor,5853,5008,8765,17,RB,13,6542,6158.5,13,-67.5,2020,2,41
Breece Hall,6173,4695,7901,14,RB,15,6256.333333333333,5866,14,-292.5,2022,2,36
Jaylen Waddle,5977,4623,8025,15,WR,19,6208.333333333333,5812,15,-54,2021,1,6
Kenneth Walker,5713,4529,8148,19,RB,20,6130,5729.75,16,-82.25,2022,2,41
Garrett Wilson,6198,4713,7160,13,WR,14,6023.666666666667,5696,17,-33.75,2022,1,10
Amon-Ra St. Brown,5913,4429,7778,16,WR,22,6040,5637.25,18,-58.75,2021,4,112
Christian McCaffrey,5531,4652,7654,24,RB,18,5945.666666666667,5622.25,19,-15,2017,1,8
Tyreek Hill,5319,4506,7901,31,WR,21,5908.666666666667,5558,20,-64.25,2016,5,165
Deshaun Watson,5349,4657,7407,30,QB,17,5804.333333333333,5517.5,21,-40.5,2017,1,12
Saquon Barkley,5288,4226,8025,32,RB,25,5846.333333333333,5441.25,22,-76.25,2018,1,2
Kyler Murray,5663,4235,7160,20,QB,24,5686,5323.25,23,-118,2019,1,1
Dak Prescott,5046,4344,7284,35,QB,23,5558,5254.5,24,-68.75,2016,4,135
Chris Olave,5592,3935,7407,22,WR,28,5644.666666666667,5217.25,25,-37.25,2022,1,11
Stefon Diggs,5111,3911,7531,34,WR,30,5517.666666666667,5116,26,-101.25,2015,5,146
Tee Higgins,5655,4042,6173,21,WR,27,5290,4978,27,-138,2020,2,33
Kyle Pitts,5543,3825,6543,23,TE,31,5303.666666666667,4934,28,-44,2021,1,4
Travis Etienne,5364,3541,7284,29,RB,38,5396.333333333333,4932.5,29,-1.5,2021,1,25
DeVonta Smith,5480,3711,6667,25,WR,32,5286,4892.25,30,-40.25,2021,1,10
Drake London,5402,3599,6914,28,WR,36,5305,4878.5,31,-13.75,2022,1,8
Travis Kelce,5009,3932,6296,36,TE,29,5079,4792.25,32,-86.25,2013,3,63
DK Metcalf,5429,3575,6420,27,WR,37,5141.333333333333,4749.75,33,-42.5,2019,2,64
Davante Adams,4752,3444,7037,40,WR,41,5077.666666666667,4669.25,34,-80.5,2014,2,53
Austin Ekeler,4740,3687,6420,42,RB,34,4949,4633.5,35,-35.75,NA,NA,NA
Mark Andrews,5176,3540,6049,33,TE,39,4921.666666666667,4576.25,36,-57.25,2018,3,86
Cooper Kupp,4876,3436,6543,38,WR,42,4951.666666666667,4572.75,37,-3.5,2017,3,69
Tua Tagovailoa,4740,3626,6296,41,QB,35,4887.333333333333,4572,38,-0.75,2020,1,5
Josh Jacobs,4839,3456,6420,39,RB,40,4905,4542.75,39,-29.25,2019,1,24
Nick Chubb,4520,3230,6420,58,RB,46,4723.333333333333,4350,40,-192.75,2018,2,35
Trey Lance,4683,3247,6173,48,QB,45,4701,4337.5,41,-12.5,2021,1,3
Javonte Williams,4683,3228,6173,49,RB,47,4694.666666666667,4328,42,-9.5,2021,2,35
Najee Harris,4614,3325,5926,53,RB,44,4621.666666666667,4297.5,43,-30.5,2021,1,24
Rhamondre Stevenson,4533,2835,6914,57,RB,54,4760.666666666667,4279.25,44,-18.25,2021,4,120
D'Andre Swift,4514,2951,5556,60,RB,51,4340.333333333333,3993,45,-286.25,2020,2,35
Christian Watson,4648,2662,5926,51,WR,57,4412,3974.5,46,-18.5,2022,2,34
Daniel Jones,4710,3003,5062,45,QB,50,4258.333333333333,3944.5,47,-30,2019,1,6
Michael Pittman,4618,2731,5679,52,WR,56,4342.666666666667,3939.75,48,-4.75,2020,2,34
T.J. Hockenson,4714,3147,4444,44,TE,48,4101.666666666667,3863,49,-76.75,2019,1,8
Deebo Samuel,4695,2949,4815,47,WR,52,4153,3852,50,-11,2019,2,36
Jameson Williams,4700,2631,5432,46,WR,62,4254.333333333333,3848.5,51,-3.5,2022,1,12
Tony Pollard,4460,2429,6049,63,RB,72,4312.666666666667,3841.75,52,-6.75,2019,4,128
D.J. Moore,4483,2636,5309,62,WR,61,4142.666666666667,3766,53,-75.75,2018,1,24
Chris Godwin,4419,2577,5062,64,WR,65,4019.3333333333335,3658.75,54,-107.25,2017,3,84
Brandon Aiyuk,4549,2339,5185,56,WR,79,4024.3333333333335,3603,55,-55.75,2020,1,25
Kirk Cousins,3834,2475,5556,81,QB,69,3955,3585,56,-18,2012,4,102
Jerry Jeudy,4576,2526,4691,55,WR,66,3931,3579.75,57,-5.25,2020,1,15
Treylon Burks,4673,2584,4444,50,WR,64,3900.3333333333335,3571.25,58,-8.5,2022,1,18
Derrick Henry,3989,2656,4938,78,RB,58,3861,3559.75,59,-11.5,2016,2,45
Terry McLaurin,4271,2415,4938,67,WR,73,3874.6666666666665,3509.75,60,-50,2019,3,76
George Kittle,4254,2842,3951,68,TE,53,3682.3333333333335,3472.25,61,-37.5,2017,5,146
Jared Goff,4151,2486,4321,73,QB,68,3652.6666666666665,3361,62,-111.25,2016,1,1
J.K. Dobbins,4094,2372,4444,75,RB,76,3636.6666666666665,3320.5,63,-40.5,2020,2,55
Joe Mixon,3623,2454,4691,92,RB,70,3589.3333333333335,3305.5,64,-15,2017,2,48
Russell Wilson,3932,2641,3951,79,QB,60,3508,3291.25,65,-14.25,2012,3,75
Dallas Goedert,4089,2437,4198,76,TE,71,3574.6666666666665,3290.25,66,-1,2018,2,49
Kenny Pickett,4362,2650,3457,65,QB,59,3489.6666666666665,3279.75,67,-10.5,2022,1,20
Dalvin Cook,3633,2412,4321,91,RB,74,3455.3333333333335,3194.5,68,-85.25,2017,2,41
George Pickens,4491,2524,3210,61,WR,67,3408.3333333333335,3187.25,69,-7.25,2022,2,52
Derek Carr,3798,2355,4198,84,QB,78,3450.3333333333335,3176.5,70,-10.75,2014,2,36
Christian Kirk,4156,2051,4074,72,WR,89,3427,3083,71,-93.5,2018,2,47
Jahan Dotson,4336,1892,4198,66,WR,98,3475.3333333333335,3079.5,72,-3.5,2022,1,16
Dameon Pierce,4145,2356,3457,74,RB,77,3319.3333333333335,3078.5,73,-1,2022,4,107
Marquise Brown,4243,2187,3457,69,WR,84,3295.6666666666665,3018.5,74,-60,2019,1,25
Diontae Johnson,4000,2052,3827,77,WR,88,3293,2982.75,75,-35.75,2019,3,66
Mac Jones,3657,2239,3704,90,QB,82,3200,2959.75,76,-23,2021,1,15
Pat Freiermuth,3804,2142,3704,83,TE,85,3216.6666666666665,2948,77,-11.75,2021,2,55
Aaron Jones,3401,1876,4568,102,RB,99,3281.6666666666665,2930.25,78,-17.75,2017,5,182
Geno Smith,3552,1922,4321,96,QB,96,3265,2929.25,79,-1,2013,2,39
Aaron Rodgers,3077,1876,4815,116,QB,100,3256,2911,80,-18.25,NA,NA,NA
Amari Cooper,3820,2103,3333,82,WR,87,3085.3333333333335,2839.75,81,-71.25,2015,1,4
Cam Akers,3433,1750,4074,100,RB,108,3085.6666666666665,2751.75,82,-88,2020,2,52
Miles Sanders,3393,1941,3704,103,RB,94,3012.6666666666665,2744.75,83,-7,2019,2,53
Rachaad White,3753,1935,3086,85,RB,95,2924.6666666666665,2677.25,84,-67.5,2022,3,91
Rashod Bateman,3681,1777,3333,88,WR,104,2930.3333333333335,2642,85,-35.25,2021,1,27
Jordan Love,3715,2204,1975,86,QB,83,2631.3333333333335,2524.5,86,-117.5,2020,1,26
DeAndre Hopkins,3450,1982,2593,99,WR,91,2675,2501.75,87,-22.75,2013,1,27
Calvin Ridley,3622,1855,2469,93,WR,102,2648.6666666666665,2450.25,88,-51.5,NA,NA,NA
James Cook,3570,1550,3086,95,RB,122,2735.3333333333335,2439,89,-11.25,2022,2,63
Mike Evans,3517,1943,2346,97,WR,93,2602,2437.25,90,-1.75,2014,1,7
Mike Williams,3573,1771,2593,94,WR,106,2645.6666666666665,2427,91,-10.25,2017,1,7
Courtland Sutton,3084,1495,3580,115,WR,128,2719.6666666666665,2413.5,92,-13.5,2018,2,40
David Njoku,3101,1517,3457,113,TE,125,2691.6666666666665,2398,93,-15.5,2017,1,29
Alvin Kamara,2973,1812,2963,122,RB,103,2582.6666666666665,2390,94,-8,2017,3,67
AJ Dillon,3411,1526,3086,101,RB,123,2674.3333333333335,2387.25,95,-2.75,2020,2,62
Matthew Stafford,2899,1950,2593,130,QB,92,2480.6666666666665,2348,96,-39.25,NA,NA,NA
Greg Dulcich,3135,1500,3210,109,TE,126,2615,2336.25,97,-11.75,2022,3,80
Isiah Pacheco,3657,1699,2222,89,RB,110,2526,2319.25,98,-17,2022,7,251
Brian Robinson,3255,1579,2716,106,RB,119,2516.6666666666665,2282.25,99,-37,NA,NA,NA
Tyler Allgeier,3454,1595,2346,98,RB,117,2465,2247.5,100,-34.75,2022,5,151
Evan Engram,2946,1432,3086,125,TE,132,2488,2224,101,-23.5,2017,1,23
Dalton Schultz,3129,1564,2469,110,TE,120,2387.3333333333335,2181.5,102,-42.5,2018,4,137
Kadarius Toney,3247,1381,2716,107,WR,135,2448,2181.25,103,-0.25,2021,1,20
JuJu Smith-Schuster,2813,1451,2963,142,WR,130,2409,2169.5,104,-11.75,2017,2,62
Khalil Herbert,3121,1324,2716,111,RB,141,2387,2121.25,105,-48.25,2021,6,217
Cole Kmet,3075,1649,2099,117,TE,112,2274.3333333333335,2118,106,-3.25,2020,2,43
Keenan Allen,3087,1641,2099,114,WR,115,2275.6666666666665,2117,107,-1,2013,3,76
Brock Purdy,3312,1713,1605,105,QB,109,2210,2085.75,108,-31.25,2022,7,262
David Montgomery,3033,1562,2099,119,RB,121,2231.3333333333335,2064,109,-21.75,2019,3,73
Antonio Gibson,2845,1361,2593,136,RB,136,2266.3333333333335,2040,110,-24,2020,3,66
Gabriel Davis,3018,1585,1728,120,WR,118,2110.3333333333335,1979,111,-61,2020,4,128
Tyler Lockett,2929,1434,2099,127,WR,131,2154,1974,112,-5,2015,3,69
Darren Waller,2901,1645,1605,129,TE,114,2050.3333333333335,1949,113,-25,2015,6,204
Chigoziem Okonkwo,2815,1166,2593,141,TE,157,2191.3333333333335,1935,114,-14,2022,4,143
Darnell Mooney,2943,1258,2222,126,WR,148,2141,1920.25,115,-14.75,2020,5,173
Jakobi Meyers,3106,1342,1852,112,WR,139,2100,1910.5,116,-9.75,NA,NA,NA
Sam Howell,3010,1754,1111,121,QB,107,1958.3333333333333,1907.25,117,-3.25,2022,5,144
Skyy Moore,2848,1288,1975,135,WR,143,2037,1849.75,118,-57.5,2022,2,54
Jimmy Garoppolo,2831,1382,1728,139,QB,134,1980.3333333333333,1830.75,119,-19,2014,2,62
Trey McBride,2894,1320,1728,132,TE,142,1980.6666666666667,1815.5,120,-15.25,2022,2,55
Rondale Moore,2878,1236,1852,133,WR,149,1988.6666666666667,1800.5,121,-15,2021,2,49
Elijah Moore,3071,1351,1358,118,WR,138,1926.6666666666667,1782.75,122,-17.75,2021,2,34
James Conner,2693,1355,1728,149,RB,137,1925.3333333333333,1782.75,123,0,2017,3,105
Ryan Tannehill,2421,1176,2346,160,QB,156,1981,1779.75,124,-3,2012,1,8
Wan'Dale Robinson,2966,1211,1481,123,WR,152,1886,1717.25,125,-62.5,2022,2,43
Alec Pierce,2954,1055,1358,124,WR,170,1789,1605.5,126,-111.75,2022,2,53
Kareem Hunt,2423,1266,1358,159,RB,147,1682.3333333333333,1578.25,127,-27.25,2017,3,86
Desmond Ridder,2816,1495,494,140,QB,127,1601.6666666666667,1575,128,-3.25,2022,3,74
Chase Claypool,2478,1034,1605,155,WR,172,1705.6666666666667,1537.75,129,-37.25,2020,2,49
Donovan Peoples-Jones,2746,1135,1111,145,WR,160,1664,1531.75,130,-6,2020,6,187
Kenneth Gainwell,2837,1268,617,137,RB,146,1574,1497.5,131,-34.25,2021,5,150
Josh Palmer,2699,1130,988,147,WR,163,1605.6666666666667,1486.75,132,-10.75,2021,3,77
Isaiah Likely,2694,1050,1111,148,TE,171,1618.3333333333333,1476.25,133,-10.5,2022,4,139
Dawson Knox,2577,1282,617,153,TE,145,1492,1439.5,134,-36.75,2019,3,96
Mike Gesicki,2251,1074,1358,166,TE,167,1561,1439.25,135,-0.25,2018,2,42
Jamaal Williams,2705,1229,494,146,RB,151,1476,1414.25,136,-25,2017,4,134
Jelani Woods,2045,819,1852,185,TE,205,1572,1383.75,137,-30.5,2022,3,73
Ezekiel Elliott,2458,1193,617,156,RB,154,1422.6666666666667,1365.25,138,-18.5,2016,1,4
Alexander Mattison,2598,1127,494,151,RB,164,1406.3333333333333,1336.5,139,-28.75,2019,3,102
Leonard Fournette,2082,1193,864,179,RB,153,1379.6666666666667,1333,140,-3.5,2017,1,4
Romeo Doubs,2834,1061,370,138,WR,169,1421.6666666666667,1331.5,141,-1.5,2022,4,132
Zay Jones,2350,980,988,164,WR,181,1439.3333333333333,1324.5,142,-7,2017,2,37
Malik Willis,2074,927,1111,181,QB,188,1370.6666666666667,1259.75,143,-64.75,2022,3,86
John Metchie,2761,1130,0,144,WR,162,1297,1255.25,144,-4.5,NA,NA,NA
Kyle Trask,1818,984,NA,205,QB,180,1401,1249.38,145,-5.869999999999891,2021,2,64
Allen Lazard,2196,940,864,171,WR,185,1333.3333333333333,1235,146,-14.38000000000011,NA,NA,NA
Devin Singletary,2212,989,741,168,RB,178,1314,1232.75,147,-2.25,2019,3,74
Elijah Mitchell,2579,988,370,152,RB,179,1312.3333333333333,1231.25,148,-1.5,2021,6,194
Damien Harris,2212,924,864,169,RB,189,1333.3333333333333,1231,149,-0.25,2019,3,87
Brandin Cooks,2381,1011,494,163,WR,176,1295.3333333333333,1224.25,150,-6.75,2014,1,20
Zach Wilson,2081,1091,617,180,QB,166,1263,1220,151,-4.25,2021,1,2
Nico Collins,2384,910,617,162,WR,191,1303.6666666666667,1205.25,152,-14.75,2021,3,89
Tyquan Thornton,2117,709,1235,178,WR,223,1353.6666666666667,1192.5,153,-12.75,2022,2,50
Daniel Bellinger,2529,918,370,154,TE,190,1272.3333333333333,1183.75,154,-8.75,2022,4,112
Rashid Shaheed,2059,747,1111,183,WR,218,1305.6666666666667,1166,155,-17.75,NA,NA,NA
D.J. Chark,2173,847,741,176,WR,200,1253.6666666666667,1152,156,-14,2018,2,61
Tyler Boyd,2428,962,247,158,WR,184,1212.3333333333333,1149.75,157,-2.25,2016,2,55
Tyler Higbee,1670,793,1235,213,TE,209,1232.6666666666667,1122.75,158,-27,2016,4,110
Noah Fant,2185,902,494,173,TE,193,1193.6666666666667,1120.75,159,-2,2019,1,20
Gerald Everett,1830,870,864,201,TE,196,1188,1108.5,160,-12.25,2017,2,44
Michael Thomas,2011,1145,123,189,WR,158,1093,1106,161,-2.5,2016,2,47
Curtis Samuel,2330,817,370,165,WR,206,1172.3333333333333,1083.5,162,-22.5,2017,2,40
Terrace Marshall,2009,768,741,190,WR,215,1172.6666666666667,1071.5,163,-12,NA,NA,NA
D'Onta Foreman,1992,1014,247,191,RB,175,1084.3333333333333,1066.75,164,-4.75,2017,3,89
Khalil Shakir,2172,742,494,177,WR,220,1136,1037.5,165,-29.25,2022,5,148
Isaiah Hodgins,2399,749,247,161,WR,217,1131.6666666666667,1036,166,-1.5,2020,6,207
Michael Gallup,2192,851,247,172,WR,199,1096.6666666666667,1035.25,167,-0.75,2018,3,81
Juwan Johnson,1819,658,988,203,TE,227,1155,1030.75,168,-4.5,NA,NA,NA
Chuba Hubbard,2034,837,247,186,RB,202,1039.3333333333333,988.75,169,-42,2021,4,126
Hunter Renfrow,2223,846,0,167,WR,201,1023,978.75,170,-10,2019,5,149
Zach Ertz,1585,977,370,219,TE,182,977.3333333333334,977.25,171,-1.5,2013,2,35
Cade Otton,2025,798,247,187,TE,208,1023.3333333333334,967,172,-10.25,2022,4,106
Jaylen Warren,2065,768,247,182,RB,214,1026.6666666666667,962,173,-5,NA,NA,NA
K.J. Osborn,2179,791,0,174,WR,210,990,940.25,174,-21.75,2020,5,176
Baker Mayfield,1879,744,370,196,QB,219,997.6666666666666,934.25,175,-6,2018,1,1
Zamir White,2176,780,0,175,RB,212,985.3333333333334,934,176,-0.25,2022,4,122
Tyler Huntley,1784,479,NA,208,QB,243,1131.5,904.8600000000001,177,-29.139999999999873,NA,NA,NA
Rashaad Penny,1819,886,0,204,RB,194,901.6666666666666,897.75,178,-7.110000000000127,2018,1,27
Michael Carter,2047,648,247,184,RB,229,980.6666666666666,897.5,179,-0.25,2021,4,107
Clyde Edwards-Helaire,1905,828,0,194,RB,204,911,890.25,180,-7.25,2020,1,32
Matt Corral,1785,453,NA,207,QB,247,1119,888.0300000000001,181,-2.2199999999999136,NA,NA,NA
David Bell,1854,665,123,199,WR,226,880.6666666666666,826.75,182,-61.280000000000086,2022,3,99
Greg Dortch,1907,285,NA,193,WR,268,1096,817.4100000000001,183,-9.339999999999918,NA,NA,NA
Davis Mills,1480,494,NA,225,QB,240,987,814.44,184,-2.9700000000000273,2021,3,67
Isaiah Spiller,1867,669,0,197,RB,224,845.3333333333334,801.25,185,-13.190000000000055,2022,4,123
Jameis Winston,1867,409,494,198,QB,250,923.3333333333334,794.75,186,-6.5,2015,1,1
Jerome Ford,1391,500,NA,235,RB,239,945.5,789.03,187,-5.720000000000027,2022,5,156
Parris Campbell,1899,516,123,195,WR,238,846,763.5,188,-25.529999999999973,2019,2,59
Samaje Perine,1592,721,0,218,RB,222,771,758.5,189,-5,2017,4,114
Carson Wentz,1085,355,1235,279,QB,256,891.6666666666666,757.5,190,-1,2016,1,2
Jerick McKinnon,1577,725,0,220,RB,221,767.3333333333334,756.75,191,-0.75,2014,3,96
Adam Thielen,1352,772,123,239,WR,213,749,754.75,192,-2,NA,NA,NA
Bailey Zappe,1816,466,247,206,QB,245,843,748.75,193,-6,2022,4,137
Jake Ferguson,1648,632,0,214,TE,230,760,728,194,-20.75,2022,4,129
Mecole Hardman,1844,526,0,200,WR,237,790,724,195,-4,2019,2,56
Gardner Minshew,1301,418,NA,247,QB,249,859.5,705.21,196,-18.789999999999964,NA,NA,NA
Irv Smith Jr.,1755,529,0,210,TE,236,761.3333333333334,703.25,197,-1.9600000000000364,2019,2,50
Devin Duvernay,1437,326,NA,232,WR,259,881.5,689.37,198,-13.879999999999995,2020,3,92
Zonovan Knight,1738,488,0,211,RB,241,742,678.5,199,-10.870000000000005,NA,NA,NA
Jeffery Wilson,1468,553,123,229,RB,235,714.6666666666666,674.25,200,-4.25,NA,NA,NA
Allen Robinson,1216,667,123,256,WR,225,668.6666666666666,668.25,201,-6,2014,2,61
Sam Darnold,1612,404,247,216,QB,251,754.3333333333334,666.75,202,-1.5,2018,1,3
James Robinson,1421,577,0,233,RB,232,666,643.75,203,-23,NA,NA,NA
Jarrett Stidham,1358,277,NA,238,QB,270,817.5,630.96,204,-12.789999999999964,2019,4,133
Cordarrelle Patterson,1371,565,0,236,RB,233,645.3333333333334,625.25,205,-5.710000000000036,2013,1,29
Darius Slayton,1758,306,123,209,WR,261,729,623.25,206,-2,2019,5,171
Hayden Hurst,1556,462,0,223,TE,246,672.6666666666666,620,207,-3.25,2018,1,25
Mike White,1471,349,247,228,QB,257,689,604,208,-16,2018,5,171
Kyren Williams,1557,420,0,221,RB,248,659,599.25,209,-4.75,2022,5,164
Hunter Henry,1304,476,123,244,TE,244,634.3333333333334,594.75,210,-4.5,2016,2,35
Hassan Haskins,1594,382,0,217,RB,253,658.6666666666666,589.5,211,-5.25,2022,4,131
Marquez Valdes-Scantling,1548,381,0,224,WR,254,643,577.5,212,-12,2018,5,174
Deon Jackson,1226,258,NA,255,RB,276,742,574.86,213,-2.6399999999999864,NA,NA,NA
Odell Beckham,1182,557,0,265,WR,234,579.6666666666666,574,214,-0.8600000000000136,NA,NA,NA
Tim Patrick,1202,232,NA,261,WR,281,717,549.78,215,-24.220000000000027,NA,NA,NA
Raheem Mostert,1193,483,0,264,RB,242,558.6666666666666,539.75,216,-10.029999999999973,NA,NA,NA
Jacoby Brissett,1290,306,247,249,QB,262,614.3333333333334,537.25,217,-2.5,2016,3,91
Gus Edwards,1351,393,0,240,RB,252,581.3333333333334,534.25,218,-3,NA,NA,NA
Albert Okwuegbunam,1475,326,0,227,TE,258,600.3333333333334,531.75,219,-2.5,2020,4,118
Brevin Jordan,1209,186,NA,259,TE,290,697.5,521.73,220,-10.019999999999982,2021,5,147
Zack Moss,1049,264,NA,286,RB,273,656.5,520.4100000000001,221,-1.3199999999999363,2020,3,86
Pierre Strong Jr.,1479,299,0,226,RB,263,592.6666666666666,519.25,222,-1.1600000000000819,NA,NA,NA
Taylor Heinicke,1126,222,NA,273,QB,284,674,518.1,223,-1.1499999999999773,NA,NA,NA
Joshua Kelley,1341,318,0,241,RB,260,553,494.25,224,-23.850000000000023,2020,4,112
Van Jefferson,1443,266,0,231,WR,271,569.6666666666666,493.75,225,-0.5,2020,2,57
KJ Hamler,1556,193,0,222,WR,289,583,485.5,226,-8.25,2020,2,46
Richie James,1171,141,NA,266,WR,298,656,479.49,227,-6.009999999999991,2018,7,240
Isaiah McKenzie,1316,295,0,243,WR,266,537,476.5,228,-2.990000000000009,2017,5,172
Eno Benjamin,1149,140,NA,270,RB,299,644.5,471.57000000000005,229,-4.92999999999995,2020,7,222
Kyle Philips,1287,297,0,250,WR,265,528,470.25,230,-1.32000000000005,2022,5,163
Corey Davis,1284,292,0,251,WR,267,525.3333333333334,467,231,-3.25,2017,1,5
Malik Davis,1121,145,NA,275,RB,297,633,465.63,232,-1.3700000000000045,NA,NA,NA
Marcus Mariota,889,257,NA,307,QB,279,573,462.99,233,-2.6399999999999864,2015,1,2
Justyn Ross,1130,131,NA,272,WR,302,630.5,459.36,234,-3.6299999999999955,NA,NA,NA
Nyheim Hines,1232,299,0,254,RB,264,510.3333333333333,457.5,235,-1.8600000000000136,2018,4,104
Tyler Conklin,1248,264,0,253,TE,272,504,444,236,-13.5,2018,5,157
Laviska Shenault,1331,221,0,242,WR,285,517.3333333333334,443.25,237,-0.75,NA,NA,NA
Foster Moreau,1302,231,0,246,TE,282,511,441,238,-2.25,2019,4,137
Noah Gray,1364,138,123,237,TE,300,541.6666666666666,440.75,239,-0.25,2021,5,162
Keaontay Ingram,1296,228,0,248,RB,283,508,438,240,-2.75,2022,6,201
Kevin Harris,1255,29,NA,252,RB,334,642,433.29,241,-4.7099999999999795,2022,6,183
Calvin Austin,1204,258,0,260,WR,277,487.3333333333333,430,242,-3.2900000000000205,NA,NA,NA
Jalen Tolbert,1198,260,0,262,WR,275,486,429.5,243,-0.5,2022,3,88
Chase Edmonds,1166,263,0,267,RB,274,476.3333333333333,423,244,-6.5,2018,4,134
Ty Chandler,973,151,NA,292,RB,295,562,420.75000000000006,245,-2.249999999999943,2022,5,169
Taysom Hill,1116,278,0,277,TE,269,464.6666666666667,418,246,-2.750000000000057,NA,NA,NA
Kendrick Bourne,1162,41,NA,268,WR,332,601.5,410.52000000000004,247,-7.479999999999961,NA,NA,NA
Tutu Atwell,1043,88,NA,287,WR,308,565.5,402.27,248,-8.250000000000057,2021,2,57
Noah Brown,1125,29,NA,274,WR,333,577,390.39,249,-11.879999999999995,2017,7,239
Russell Gage,1155,201,0,269,WR,288,452,389.25,250,-1.1399999999999864,2018,6,194
Robert Tonyan,1063,247,0,283,TE,280,436.6666666666667,389.25,251,0,NA,NA,NA
Quez Watkins,1063,58,NA,282,WR,319,560.5,389.07000000000005,252,-0.17999999999994998,2020,6,200
Robert Woods,816,368,0,323,WR,255,394.6666666666667,388,253,-1.07000000000005,2013,2,41
Donald Parham,1067,49,NA,281,TE,325,558,384.45000000000005,254,-3.5499999999999545,NA,NA,NA
Austin Hooper,821,156,NA,321,TE,293,488.5,373.89,255,-10.56000000000006,2016,3,81
Tyrion Davis-Price,1214,122,0,258,RB,304,445.3333333333333,364.5,256,-9.389999999999986,2022,3,93
Jordan Mason,1194,132,0,263,RB,301,442,364.5,257,0,NA,NA,NA
Tommy Tremble,1009,47,NA,289,TE,327,528,363.99,258,-0.5099999999999909,2021,3,83
Dyami Brown,1067,16,NA,280,WR,342,541.5,362.67,259,-1.3199999999999932,2021,3,82
Caleb Huntley,1054,7,NA,284,RB,346,530.5,352.44,260,-10.230000000000018,NA,NA,NA
Jarvis Landry,704,179,NA,340,WR,292,441.5,350.46000000000004,261,-1.9799999999999613,2014,2,63
Amari Rodgers,962,42,NA,295,WR,329,502,345.18000000000006,262,-5.279999999999973,2021,3,85
Teddy Bridgewater,876,73,NA,310,QB,312,474.5,337.26000000000005,263,-7.920000000000016,2014,1,32
Brock Wright,926,41,NA,299,TE,330,483.5,332.64000000000004,264,-4.6200000000000045,NA,NA,NA
Snoop Conner,900,50,NA,306,RB,324,475,330,265,-2.640000000000043,2022,5,154
Danny Gray,885,52,NA,308,WR,322,468.5,326.37,266,-3.6299999999999955,2022,3,105
Mack Hollins,787,98,NA,325,WR,306,442.5,324.39000000000004,267,-1.9799999999999613,2017,4,118
Andy Dalton,675,150,NA,343,QB,296,412.5,321.75,268,-2.640000000000043,2011,2,35
Josh Reynolds,860,57,NA,314,WR,320,458.5,321.42,269,-0.3299999999999841,2017,4,117
DeVante Parker,866,208,0,312,WR,286,358,320.5,270,-0.9200000000000159,2015,1,14
Nick Westbrook-Ikhine,971,0,NA,294,WR,350,485.5,320.43,271,-0.06999999999999318,NA,NA,NA
Chris Evans,913,22,NA,300,RB,337,467.5,315.81,272,-4.6200000000000045,2021,6,202
Trestan Ebner,913,21,NA,301,RB,338,467,315.15000000000003,273,-0.6599999999999682,2022,6,203
JaMycal Hasty,997,119,0,291,RB,305,372,308.75,274,-6.400000000000034,NA,NA,NA
Darrell Henderson,771,70,NA,327,RB,313,420.5,300.63,275,-8.120000000000005,2019,3,70
D'Ernest Johnson,1053,74,0,285,RB,311,375.6666666666667,300.25,276,-0.37999999999999545,NA,NA,NA
Drew Lock,730,88,NA,335,QB,309,409,298.98,277,-1.2699999999999818,NA,NA,NA
Harrison Bryant,1107,41,0,278,TE,331,382.6666666666667,297.25,278,-1.7300000000000182,2020,4,115
Tyler Badie,884,2,NA,309,RB,349,443,293.04,279,-4.2099999999999795,2022,6,196
Jonnu Smith,754,67,NA,332,TE,315,410.5,293.04,280,0,2017,3,100
Mitchell Trubisky,745,68,NA,333,QB,314,406.5,290.73,281,-2.3100000000000023,2017,1,2
Sterling Shepard,765,57,NA,330,WR,321,411,290.07000000000005,282,-0.6599999999999682,2016,2,40
Will Dissly,837,19,NA,318,TE,339,428,288.75000000000006,283,-1.3199999999999932,2018,4,120
Velus Jones,865,130,0,313,WR,303,331.6666666666667,281.25,284,-7.500000000000057,NA,NA,NA
Denzel Mims,821,11,NA,322,WR,344,416,278.19,285,-3.0600000000000023,2020,2,59
Sam Ehlinger,707,60,NA,339,QB,318,383.5,272.91,286,-5.279999999999973,2021,6,218
Ben Skowronek,902,47,0,304,WR,326,316.3333333333333,249,287,-23.910000000000025,2021,7,249
Demarcus Robinson,720,4,NA,337,WR,348,362,240.24,288,-8.759999999999991,2016,4,126
Dontrell Hilliard,698,6,NA,342,RB,347,352,234.3,289,-5.939999999999998,NA,NA,NA
Matt Ryan,193,258,NA,410,QB,278,225.5,233.97,290,-0.3300000000000125,NA,NA,NA
J.D. McKissic,669,19,NA,344,RB,340,344,233.31,291,-0.6599999999999966,NA,NA,NA
DeAndre Carter,645,14,NA,348,WR,343,329.5,222.09000000000003,292,-11.21999999999997,NA,NA,NA
Trey Sermon,570,51,NA,360,RB,323,310.5,221.76000000000002,293,-0.3300000000000125,2021,3,88
Kylen Granson,832,18,0,320,TE,341,283.3333333333333,217,294,-4.760000000000019,2021,4,127
Olamide Zaccheaus,847,10,0,317,WR,345,285.6666666666667,216.75,295,-0.25,NA,NA,NA
Marvin Jones,516,47,NA,371,WR,328,281.5,201.3,296,-15.449999999999989,2012,5,166
Cooper Rush,532,24,NA,367,QB,336,278,191.4,297,-9.900000000000006,NA,NA,NA
Kenyan Drake,382,97,NA,392,RB,307,239.5,190.07999999999998,298,-1.3200000000000216,2016,3,73
Logan Thomas,427,154,0,389,TE,294,193.66666666666666,183.75,299,-6.329999999999984,2014,4,120
Latavius Murray,255,203,0,400,RB,287,152.66666666666666,165.25,300,-18.5,2013,6,181
Colt McCoy,0,183,NA,451,QB,291,91.5,120.78,301,-44.47,2010,3,85
Melvin Gordon,46,88,NA,446,RB,310,67,73.26,302,-47.519999999999996,2015,1,15
Kenny Golladay,79,65,NA,438,WR,316,72,68.97,303,-4.290000000000006,2017,3,96
Julio Jones,49,25,NA,445,WR,335,37,32.67,304,-36.3,2011,1,6
