player,age,fant_pos,fantasy_score_custom,custom_per_game,fantasy_score_adoc,adoc_per_game,adoc_rank,custom_rank,change_in_rank
Josh Allen,27,QB,489.94000000000005,28.820000000000004,394.64,23.214117647058824,1,2,-1
Jalen Hurts,25,QB,458.77,26.986470588235292,366.82,21.57764705882353,2,3,-1
Christian McCaffrey,27,RB,495.45000000000005,30.965625000000003,361.79999999999995,22.612499999999997,3,1,2
Dak Prescott,30,QB,432.44,25.43764705882353,342.84,20.16705882352941,4,5,-1
Lamar Jackson,26,QB,445.07,27.816875,341.22,21.32625,5,4,1
CeeDee Lamb,24,WR,412.25,24.25,337.7,19.86470588235294,6,6,0
Jordan Love,25,QB,402.41,23.671176470588236,321.06,18.885882352941177,7,7,0
Tyreek Hill,29,WR,379.75,23.734375,318.9,19.93125,8,8,0
Brock Purdy,24,QB,372.70000000000005,23.293750000000003,299.6,18.725,9,9,0
Jared Goff,29,QB,357.34999999999997,21.020588235294117,293.1,17.241176470588236,10,12,-2
Patrick Mahomes,28,QB,367.16999999999996,22.948124999999997,286.22,17.88875,11,10,1
C.J. Stroud,22,QB,340.27,22.684666666666665,281.52,18.767999999999997,12,20,-8
Tua Tagovailoa,25,QB,345.56000000000006,20.327058823529416,280.36,16.491764705882353,13,16,-3
Baker Mayfield,28,QB,346.40999999999997,20.37705882352941,276.06,16.238823529411764,14,15,-1
Trevor Lawrence,24,QB,340.49,21.280625,274.54,17.15875,15,19,-4
Amon-Ra St. Brown,24,WR,334.5,20.90625,273.4,17.0875,16,24,-8
Russell Wilson,35,QB,339.95,22.663333333333334,262.9,17.526666666666664,17,21,-4
Raheem Mostert,31,RB,341.19999999999993,22.746666666666663,257.2,17.146666666666665,18,18,0
Sam Howell,23,QB,317.49,18.675882352941176,257.03999999999996,15.119999999999997,19,27,-8
Breece Hall,22,RB,360.5,21.205882352941178,250.5,14.735294117647058,20,11,9
Travis Etienne,24,RB,355.5,20.91176470588235,249.4,14.670588235294119,21,13,8
Puka Nacua,22,WR,304.15,17.891176470588235,246,14.470588235294118,22,31,-9
Derek Carr,32,QB,298.32,17.548235294117646,243.12,14.301176470588235,23,33,-10
Mike Evans,30,WR,282.5,16.61764705882353,243,14.294117647058824,24,44,-20
Kyren Williams,23,RB,337,28.083333333333332,241,20.083333333333332,25,23,2
A.J. Brown,26,WR,293.6,17.27058823529412,240.6,14.152941176470588,26,36,-10
D.J. Moore,26,WR,289.95,17.055882352941175,240.5,14.147058823529411,27,41,-14
Rachaad White,24,RB,348.6,20.505882352941178,239.9,14.111764705882353,28,14,14
Matthew Stafford,35,QB,292.45000000000005,19.49666666666667,239.1,15.94,29,37,-8
Joe Mixon,27,RB,342.40000000000003,20.14117647058824,239,14.058823529411764,30,17,13
Justin Fields,24,QB,315.43,24.263846153846153,238.18,18.321538461538463,31,29,2
Justin Herbert,25,QB,290.76,22.366153846153846,233.66000000000003,17.973846153846157,32,40,-8
Derrick Henry,29,RB,337.01,19.824117647058824,232.66,13.685882352941176,33,22,11
Geno Smith,33,QB,280.71000000000004,18.714000000000002,228.76000000000002,15.250666666666667,34,45,-11
Keenan Allen,31,WR,283.36,21.79692307692308,226.86,17.450769230769232,35,42,-7
Bijan Robinson,21,RB,322.5,18.970588235294116,223.3,13.13529411764706,36,25,11
Stefon Diggs,30,WR,274.15,16.126470588235293,220.3,12.958823529411765,37,51,-14
Nico Collins,24,WR,258.85,17.256666666666668,218.40000000000003,14.560000000000002,38,58,-20
Jahmyr Gibbs,21,RB,309.55,20.636666666666667,218.1,14.54,39,30,9
James Cook,24,RB,316.5,18.61764705882353,214.7,12.629411764705882,40,28,12
Davante Adams,31,WR,265.4,15.61176470588235,213.9,12.58235294117647,41,55,-14
Brandon Aiyuk,25,WR,251.20000000000002,15.700000000000001,213.70000000000002,13.356250000000001,42,64,-22
Deebo Samuel,27,WR,258.65,17.243333333333332,213.7,14.246666666666666,43,59,-16
Ja'Marr Chase,23,WR,262.72,16.42,212.72,13.295,44,57,-13
Joshua Dobbs,28,QB,263.41,20.262307692307694,208.66,16.05076923076923,45,56,-11
Saquon Barkley,26,RB,298,21.285714285714285,204.7,14.62142857142857,46,35,11
Gardner Minshew II,27,QB,240.6,14.152941176470588,202.2,11.894117647058822,47,71,-24
David Montgomery,26,RB,279.84999999999997,19.98928571428571,199.2,14.228571428571428,48,46,2
Tony Pollard,26,RB,298.05,17.53235294117647,195.1,11.476470588235294,49,34,15
Isiah Pacheco,24,RB,283.15,20.224999999999998,193.9,13.85,50,43,7
Michael Pittman Jr,26,WR,248.2,15.5125,193.7,12.10625,51,66,-15
D.K. Metcalf,26,WR,225.4,14.0875,192.4,12.025,52,84,-32
Sam LaPorta,22,TE,300.1,17.65294117647059,192.3,11.311764705882354,53,32,21
Amari Cooper,29,WR,227,15.133333333333333,191,12.733333333333333,54,80,-26
Calvin Ridley,29,WR,229.95,13.526470588235293,189.9,11.170588235294119,55,76,-21
Alvin Kamara,28,RB,279.7,21.515384615384615,189.5,14.576923076923077,56,47,9
Jerome Ford,24,RB,272.25,16.014705882352942,189.20000000000002,11.129411764705884,57,52,5
DeVonta Smith,25,WR,229.60000000000002,14.350000000000001,189.10000000000002,11.818750000000001,58,77,-19
James Conner,28,RB,274.3,21.1,188,14.461538461538462,59,50,9
Desmond Ridder,24,QB,226.09,15.072666666666667,186.64000000000001,12.442666666666668,60,82,-22
Jordan Addison,21,WR,221.5,13.029411764705882,186.3,10.958823529411765,61,88,-27
DeAndre Hopkins,31,WR,224.25,13.191176470588236,186.1,10.947058823529412,62,85,-23
Chris Olave,23,WR,229.3,14.33125,185.8,11.6125,63,79,-16
Kenneth Walker III,23,RB,266.55,17.77,184.9,12.326666666666666,64,53,11
Jayden Reed,23,WR,222.25,13.890625,183.20000000000002,11.450000000000001,65,86,-21
Jakobi Meyers,27,WR,222.18,13.88625,183.08,11.4425,66,87,-21
Najee Harris,25,RB,274.75,16.16176470588235,183,10.764705882352942,67,49,18
Gus Edwards,28,RB,249.3,14.664705882352942,183,10.764705882352942,68,65,3
Brian Robinson Jr,24,RB,254.55,16.970000000000002,182.1,12.139999999999999,69,60,9
D'Andre Swift,24,RB,276.65,17.290625,181.8,11.3625,70,48,22
De'Von Achane,22,RB,243,22.09090909090909,179.2,16.29090909090909,71,68,3
Adam Thielen,33,WR,229.4,13.494117647058824,177.5,10.441176470588236,72,78,-6
Evan Engram,29,TE,319.8,18.811764705882354,177.3,10.429411764705883,73,26,47
George Pickens,22,WR,210,12.352941176470589,177.3,10.429411764705883,74,92,-18
Rashee Rice,23,WR,214.45000000000002,13.403125000000001,175,10.9375,75,90,-15
Travis Kelce,34,TE,291.15,19.41,174.9,11.66,76,39,37
T.J. Hockenson,26,TE,292.25,19.483333333333334,173.5,11.566666666666666,77,38,39
George Kittle,30,TE,252.15,15.759375,170.7,10.66875,78,62,16
Justin Jefferson,24,WR,203.7,20.369999999999997,170.2,17.02,79,96,-17
Jaylen Warren,25,RB,254.5,14.970588235294118,169.9,9.994117647058824,80,61,19
Garrett Wilson,23,WR,217.60000000000002,12.8,169.7,9.98235294117647,81,89,-8
Austin Ekeler,28,RB,242.7,17.335714285714285,167.9,11.992857142857144,82,69,13
Courtland Sutton,28,WR,196.2,12.2625,166.7,10.41875,83,104,-21
Zay Flowers,23,WR,208,13,165.9,10.36875,84,94,-10
Chris Godwin,27,WR,209.5,12.323529411764707,165.7,9.7470588235294109,85,93,-8
David Njoku,27,TE,265.95,16.621875,164.7,10.29375,86,54,32
Josh Jacobs,25,RB,246.65,18.973076923076924,164.6,12.661538461538461,87,67,20
Bryce Young,22,QB,202.92999999999998,12.683124999999999,164.38,10.27375,88,98,-10
Terry McLaurin,28,WR,203.2,11.952941176470588,163.7,9.629411764705882,89,97,-8
Chuba Hubbard,24,RB,251.4,14.788235294117648,163,9.588235294117647,90,63,27
Jaylen Waddle,25,WR,199.5,14.25,162.60000000000002,11.614285714285716,91,100,-9
Tyler Lockett,31,WR,198.4,11.670588235294119,158.9,9.347058823529412,92,101,-9
Kirk Cousins,35,QB,196.39000000000001,24.548750000000002,157.74,19.7175,93,103,-10
Zack Moss,26,RB,225.60000000000002,16.114285714285717,154.10000000000002,11.007142857142858,94,83,11
Javonte Williams,23,RB,237.60000000000002,14.850000000000001,153.70000000000002,9.606250000000001,95,72,23
Devin Singletary,26,RB,235.84,13.872941176470588,152.34000000000003,8.961176470588237,96,74,22
Ezekiel Elliott,28,RB,227,13.352941176470589,151,8.882352941176471,97,81,16
Joe Burrow,27,QB,186.66,18.666,149.16000000000003,14.916000000000002,98,108,-10
Jonathan Taylor,24,RB,210.35,21.035,146.9,14.690000000000001,99,91,8
Romeo Doubs,23,WR,174.4,10.258823529411766,144.9,8.523529411764706,100,115,-15
Cole Kmet,24,TE,236.25,13.897058823529411,144.60000000000002,8.505882352941178,101,73,28
Kyler Murray,26,QB,180.96,22.62,144.36,18.045,102,111,-9
Brandin Cooks,30,WR,173.45,10.840625,144.2,9.0125,103,116,-13
Jake Browning,27,QB,175.49,19.49888888888889,141.94,15.77111111111111,104,114,-10
Jake Ferguson,24,TE,230.35000000000002,13.55,141.60000000000002,8.329411764705883,105,75,30
Tank Dell,24,WR,168.65,15.331818181818182,141.5,12.863636363636363,106,121,-15
Trey McBride,24,TE,242.25,14.25,141,8.294117647058824,107,70,37
Gabriel Davis,24,WR,161.4,9.494117647058824,138.9,8.170588235294119,108,125,-17
Drake London,22,WR,172.38,10.77375,137.88,8.6175,109,117,-8
Cooper Kupp,30,WR,162.35,13.529166666666667,132.9,11.075000000000001,110,124,-14
Zach Wilson,24,QB,160.09,13.340833333333334,129.94,10.828333333333333,111,126,-15
Aidan O'Connell,25,QB,156.07,14.188181818181818,129.82,11.80181818181818,112,130,-18
Taysom Hill,33,TE,200.42,12.52625,129.02,8.06375,113,99,14
Rhamondre Stevenson,25,RB,194.25,16.1875,128.70000000000002,10.725000000000001,114,105,9
Rashid Shaheed,25,WR,154.15,10.276666666666667,128.60000000000002,8.573333333333334,115,133,-18
Tyjae Spears,22,RB,186.45,10.967647058823529,127.80000000000001,7.51764705882353,116,109,7
Diontae Johnson,27,WR,152.7,11.746153846153845,127.2,9.784615384615385,117,134,-17
Tyler Allgeier,23,RB,188.35000000000002,11.079411764705883,126.6,7.447058823529411,118,107,11
Curtis Samuel,27,WR,159.85,9.990625,126.2,7.8875,119,127,-8
Darius Slayton,26,WR,151,8.882352941176471,126,7.411764705882353,120,140,-20
Christian Kirk,27,WR,154.66,12.888333333333334,125.76,10.48,121,131,-10
Josh Downs,22,WR,157.10000000000002,9.241176470588236,123.10000000000001,7.241176470588236,122,128,-6
Dalton Schultz,27,TE,196.75,13.116666666666667,123,8.2,123,102,21
Alexander Mattison,25,RB,190.2,11.8875,122.2,7.6375,124,106,18
Aaron Jones,29,RB,183.9,16.71818181818182,121.9,11.081818181818182,125,110,15
Jaxon Smith-Njigba,21,WR,149.8,8.811764705882354,118.30000000000001,6.958823529411766,126,142,-16
Tee Higgins,24,WR,137.60000000000002,11.466666666666669,116.60000000000001,9.716666666666667,127,151,-24
Dalton Kincaid,24,TE,207.05,12.940625,115.8,7.2375,128,95,33
Jerry Jeudy,24,WR,141.8,8.8625,114.8,7.175,129,146,-17
Mark Andrews,28,TE,169.25,16.925,112.9,11.290000000000001,130,119,11
Tyler Boyd,29,WR,145.55,8.561764705882354,111.30000000000001,6.5470588235294125,131,143,-12
Kareem Hunt,28,RB,152.55,10.17,111,7.4,132,135,-3
Kyle Pitts,23,TE,176.95,10.408823529411764,110.80000000000001,6.51764705882353,133,113,20
Josh Reynolds,28,WR,130.8,7.694117647058825,110.80000000000001,6.51764705882353,134,156,-22
Mac Jones,25,QB,137.8,12.52727272727273,110.4,10.036363636363637,135,150,-15
Kenny Pickett,25,QB,129.1,10.758333333333333,110.2,9.183333333333334,136,158,-22
Marquise Brown,26,WR,136.05,9.717857142857143,109.2,7.8,137,153,-16
Will Levis,24,QB,129.37,14.374444444444444,108.02000000000001,12.002222222222223,138,157,-19
Antonio Gibson,25,RB,151.15,9.446875,107.4,6.7125,139,139,0
Dallas Goedert,28,TE,180.7,12.907142857142857,106.80000000000001,7.628571428571429,140,112,28
AJ Dillon,25,RB,166.05,11.07,106.60000000000001,7.106666666666667,141,122,19
Elijah Moore,23,WR,137.55,8.091176470588236,106.6,6.270588235294118,142,152,-10
Wan'Dale Robinson,22,WR,138.45,9.229999999999999,103.2,6.88,143,149,-6
Khalil Herbert,25,RB,156.25,13.020833333333334,102.5,8.541666666666666,144,129,15
Dontayvion Wicks,22,WR,121.91,8.127333333333333,102.26,6.817333333333334,145,168,-23
Logan Thomas,32,TE,170.25,10.640625,101.3,6.33125,146,118,28
Jonnu Smith,28,TE,163.8,9.63529411764706,101.2,5.952941176470588,147,123,24
Joe Flacco,38,QB,127.83999999999999,25.567999999999998,100.84,20.168,148,159,-11
Jahan Dotson,23,WR,124.80000000000001,7.341176470588236,100.30000000000001,5.9,149,164,-15
Samaje Perine,28,RB,142.5,8.382352941176471,100.3,5.8999999999999995,150,145,5
DJ Chark,27,WR,117.5,7.833333333333333,100,6.666666666666667,151,171,-20
Hunter Henry,29,TE,151.4,10.814285714285715,98.9,7.064285714285715,152,138,14
Justice Hill,26,RB,139.05,8.690625,97.30000000000001,6.081250000000001,153,148,5
K.J. Osborn,26,WR,120,7.5,96,6,154,169,-15
Tommy DeVito,25,QB,124.88999999999999,13.876666666666665,95.53999999999999,10.615555555555554,155,163,-8
Khalil Shakir,23,WR,113.7,6.688235294117647,93.6,5.5058823529411764,156,173,-17
Michael Wilson,23,WR,112.5,8.653846153846153,93.5,7.1923076923076925,157,174,-17
Cade Otton,24,TE,151.75,8.926470588235293,93,5.470588235294118,158,137,21
Tyler Conklin,28,TE,168.95,9.938235294117646,92.6,5.447058823529411,159,120,39
Odell Beckham Jr,31,WR,109.5,7.821428571428571,92,6.571428571428571,160,179,-19
Ty Chandler,25,RB,134.25,7.897058823529412,90.5,5.323529411764706,161,154,7
Jaleel McLaughlin,23,RB,134.1,7.888235294117647,90.5,5.323529411764706,162,155,7
Josh Palmer,24,WR,109.1,10.91,89.7,8.97,163,181,-18
Zach Charbonnet,22,RB,140,8.75,89.60000000000001,5.6000000000000005,164,147,17
Tutu Atwell,24,WR,110.45,6.903125,88.9,5.55625,165,178,-13
Tyrod Taylor,34,QB,110.99,10.09,87.34,7.94,166,177,-11
Christian Watson,24,WR,102.25,11.36111111111111,87.30000000000001,9.700000000000001,167,186,-19
Darren Waller,31,TE,152.2,12.683333333333332,87.2,7.266666666666667,168,136,32
Chigoziem Okonkwo,24,TE,154.4,9.08235294117647,86.4,5.082352941176471,169,132,37
Isaiah Likely,23,TE,123.6,7.270588235294118,86.1,5.064705882352941,170,166,4
D'Onta Foreman,27,RB,123.35000000000001,13.705555555555556,85.7,9.522222222222222,171,167,4
Gerald Everett,29,TE,150.15,10.01,85.6,5.706666666666666,172,141,31
Roschon Johnson,22,RB,127.8,8.52,85.10000000000001,5.673333333333334,173,160,13
Noah Brown,27,WR,101.65,10.165000000000001,85.1,8.51,174,189,-15
Tyler Higbee,30,TE,143.75,9.583333333333334,85,5.666666666666667,175,144,31
Rondale Moore,23,WR,116.7,6.864705882352942,85,5,176,172,4
Deshaun Watson,28,QB,108.49999999999999,18.083333333333332,84.8,14.133333333333333,177,183,-6
Demario Douglas,23,WR,112.05000000000001,8.00357142857143,84.7,6.05,178,175,3
Kendrick Bourne,28,WR,102.30000000000001,12.787500000000001,83.5,10.4375,179,185,-6
Rico Dowdle,25,RB,118.45000000000002,7.403125000000001,83,5.1875,180,170,10
Kenneth Gainwell,24,RB,123.98,7.74875,82.38,5.14875,181,165,16
Ryan Tannehill,35,QB,93.44,9.344,80.04,8.004000000000001,182,202,-20
Kalif Raymond,29,WR,101.85000000000001,5.991176470588236,79.9,4.7,183,187,-4
Nelson Agholor,30,WR,97.1,5.711764705882352,79.6,4.68235294117647,184,196,-12
Alec Pierce,23,WR,95.4,5.611764705882353,79.4,4.670588235294118,185,198,-13
Juwan Johnson,27,TE,125.55000000000001,9.657692307692308,79.30000000000001,6.1000000000000005,186,162,24
Trey Palmer,22,WR,99.1,5.829411764705882,78.2,4.6000000000000005,187,192,-5
Miles Sanders,26,RB,126.10000000000001,7.8812500000000005,78.10000000000001,4.8812500000000005,188,161,27
Justin Watson,27,WR,91,5.6875,77.5,4.84375,189,207,-18
Demarcus Robinson,29,WR,90.65,5.665625,76.4,4.775,190,208,-18
Easton Stick,28,QB,91.46000000000001,18.292,75.56,15.112,191,205,-14
Quentin Johnston,22,WR,94.75,5.573529411764706,75,4.411764705882353,192,199,-7
Latavius Murray,33,RB,105.80000000000001,6.612500000000001,74.4,4.65,193,184,9
Jerick McKinnon,31,RB,91.46000000000001,7.621666666666667,71.86,5.988333333333333,194,206,-12
Bailey Zappe,24,QB,89.03,8.903,71.17999999999999,7.117999999999999,195,212,-17
Michael Gallup,27,WR,87.80000000000001,5.1647058823529415,70.80000000000001,4.1647058823529415,196,214,-18
Anthony Richardson,21,QB,85.97999999999999,21.494999999999997,70.68,17.67,197,217,-20
Michael Thomas,30,WR,89.80000000000001,8.98,70.30000000000001,7.030000000000001,198,209,-11
Dameon Pierce,23,RB,112,8,70.2,5.014285714285714,199,176,23
Robert Woods,31,WR,89.75,6.410714285714286,69.3,4.95,200,210,-10
Nick Westbrook-Ikhine,26,WR,83,5.928571428571429,69,4.928571428571429,201,220,-19
Zamir White,24,RB,108.85,6.402941176470588,68.4,4.023529411764706,202,182,20
Jameson Williams,22,WR,82.05,6.8374999999999995,68.3,5.691666666666666,203,222,-19
Nick Mullens,28,QB,82.99000000000001,16.598000000000003,66.74000000000001,13.348000000000003,204,221,-17
Donald Parham,26,TE,99.75,7.125,66,4.714285714285714,205,191,14
Taylor Heinicke,30,QB,83.69999999999999,16.74,66,13.2,206,219,-13
Keaton Mitchell,21,RB,94.4,11.8,65.4,8.175,207,201,6
Darnell Mooney,26,WR,79.35000000000001,5.290000000000001,63.400000000000006,4.2266666666666675,208,225,-17
Jonathan Mingo,22,WR,84.80000000000001,5.653333333333334,63.300000000000004,4.220000000000001,209,218,-9
Tucker Kraft,23,TE,101.75,5.985294117647059,63,3.7058823529411766,210,188,22
Emari Demercado,24,RB,93.30000000000001,6.6642857142857155,62.800000000000004,4.485714285714286,211,203,8
Tre Tucker,22,WR,76.65,4.790625,62.3,3.89375,212,231,-19
Jimmy Garoppolo,32,QB,80.05,11.435714285714285,62.1,8.871428571428572,213,224,-11
Brandon Johnson,25,WR,71.4,5.492307692307692,61.900000000000006,4.761538461538462,214,235,-21
Clyde Edwards-Helaire,24,RB,88.25,5.883333333333334,61.599999999999994,4.1066666666666665,215,213,2
Zay Jones,28,WR,78.1,8.677777777777777,61.1,6.788888888888889,216,226,-10
Tanner Hudson,29,TE,109.45,9.120833333333334,60.7,5.058333333333334,217,180,37
Rashod Bateman,24,WR,77.5,4.84375,60.5,3.78125,218,228,-10
Joshua Kelley,26,RB,94.65,5.56764705882353,59.7,3.511764705882353,219,200,19
Daniel Jones,26,QB,77.25999999999999,12.876666666666665,58.96,9.826666666666666,220,229,-9
Pat Freiermuth,25,TE,98.8,8.233333333333333,58.8,4.8999999999999995,221,193,28
Cedrick Wilson Jr,28,WR,69.6,4.64,58.6,3.9066666666666667,222,242,-20
Luke Musgrave,23,TE,100.7,9.154545454545454,58.2,5.290909090909091,223,190,33
Kylen Granson,25,TE,95.7,6.38,58,3.8666666666666667,224,197,27
Marvin Mims,21,WR,71.1,4.44375,57.7,3.60625,225,237,-12
Noah Fant,26,TE,97.4,5.729411764705882,57.400000000000006,3.3764705882352946,226,195,31
Chris Moore,30,WR,70.45,4.144117647058824,57.300000000000004,3.370588235294118,227,239,-12
Tyson Bagent,23,QB,71.00999999999999,14.201999999999998,57.26,11.452,228,238,-10
Noah Gray,24,TE,91.75,5.397058823529412,56.6,3.3294117647058825,229,204,25
Michael Mayer,22,TE,89.65,6.403571428571429,55.900000000000006,3.9928571428571433,230,211,19
DeVante Parker,30,WR,72.4,5.56923076923077,55.900000000000006,4.300000000000001,231,232,-1
A.T. Perry,24,WR,60.6,6.0600000000000005,54.6,5.46,232,263,-31
Brandon Powell,28,WR,70.44999999999999,4.144117647058823,54.599999999999994,3.2117647058823526,233,240,-7
Durham Smythe,28,TE,97.85,6.115625,54.1,3.38125,234,194,40
KaVontae Turpin,27,WR,66.30000000000001,4.143750000000001,53.7,3.35625,235,249,-14
Greg Dortch,25,WR,64.85,4.053125,52.5,3.28125,236,251,-15
Jamaal Williams,28,RB,86.7,6.6692307692307695,51.800000000000004,3.984615384615385,237,216,21
Isaiah Hodgins,25,WR,62,3.6470588235294117,51.5,3.0294117647058822,238,255,-17
Mike Gesicki,28,TE,87.15,5.1264705882352946,50.900000000000006,2.994117647058824,239,215,24
Trenton Irwin,28,WR,62.6,3.9125,50.1,3.13125,240,253,-13
Jalen Tolbert,24,WR,60.8,3.576470588235294,49.8,2.929411764705882,241,262,-21
Adam Trautman,26,TE,76.9,4.523529411764706,49.400000000000006,2.905882352941177,242,230,12
Colby Parkinson,24,TE,80.45,4.732352941176471,49.2,2.894117647058824,243,223,20
Tommy Tremble,23,TE,77.65,4.853125,48.900000000000006,3.0562500000000004,244,227,17
Jalin Hyatt,22,WR,60.300000000000004,3.547058823529412,48.800000000000004,2.870588235294118,245,264,-19
Mitchell Trubisky,29,QB,60.980000000000004,12.196000000000002,48.68,9.736,246,260,-14
Allen Lazard,28,WR,60.1,4.292857142857143,48.6,3.4714285714285715,247,265,-18
Marquez Valdes-Scantling,29,WR,58.5,3.65625,48,3,248,269,-21
Jake Bobo,25,WR,57.150000000000006,3.3617647058823534,47.400000000000006,2.7882352941176474,249,271,-22
Michael Carter,24,RB,71.15,4.743333333333334,46.8,3.1199999999999997,250,236,14
Chase Brown,23,RB,66.85,5.570833333333333,46.5,3.875,251,247,4
JuJu Smith-Schuster,27,WR,61,5.545454545454546,46.5,4.2272727272727275,252,259,-7
Xavier Gipson,22,WR,60.900000000000006,3.5823529411764707,46.2,2.7176470588235295,253,261,-8
Royce Freeman,27,RB,69.85,4.989285714285714,45.7,3.2642857142857147,254,241,13
Allen Robinson,30,WR,62,3.6470588235294117,45,2.6470588235294117,255,256,-1
Elijah Mitchell,25,RB,69.05000000000001,6.277272727272728,44.5,4.045454545454546,256,245,11
Braxton Berrios,28,WR,58.55,3.659375,44.4,2.775,257,268,-11
Josh Oliver,26,TE,71.8,4.223529411764706,44.3,2.605882352941176,258,234,24
Calvin Austin,24,WR,56.65,3.3323529411764703,44.2,2.6,259,274,-15
Jordan Mason,24,RB,59,3.4705882352941178,43.2,2.5411764705882356,260,267,-7
Skyy Moore,23,WR,55.150000000000006,3.9392857142857145,43.2,3.085714285714286,261,278,-17
Andrei Iosivas,24,WR,50.6,3.1625,43.1,2.69375,262,287,-25
Brevin Jordan,23,TE,63.650000000000006,4.546428571428572,42.400000000000006,3.028571428571429,263,252,11
Pierre Strong,25,RB,65.65,3.8617647058823534,42.300000000000004,2.488235294117647,264,250,14
Jauan Jennings,26,WR,51.5,3.9615384615384617,42,3.230769230769231,265,285,-20
David Bell,23,WR,48.7,3.246666666666667,41.7,2.7800000000000002,266,294,-28
Dawson Knox,27,TE,69.1,5.758333333333333,41.6,3.466666666666667,267,244,23
Mason Rudolph,28,QB,48.96000000000001,12.240000000000002,41.56,10.39,268,293,-25
Cam Akers,24,RB,61.05,8.721428571428572,41.2,5.885714285714286,269,258,11
Mike Williams,29,WR,50.45,16.816666666666666,40.7,13.566666666666668,270,290,-20
Lil'Jordan Humphrey,25,WR,47.2,2.7764705882352945,40.7,2.394117647058824,271,298,-27
Mo Alie-Cox,30,TE,56.85,3.3441176470588236,40.6,2.388235294117647,272,273,-1
Kadarius Toney,24,WR,55.650000000000006,4.2807692307692315,39.5,3.0384615384615383,273,276,-3
Drew Sample,27,TE,66.8,3.929411764705882,39.3,2.3117647058823527,274,248,26
Chris Rodriguez,23,RB,57.35,4.411538461538462,38.900000000000006,2.992307692307693,275,270,5
Darrell Henderson,26,RB,53.7,13.425,38.5,9.625,276,280,-4
Matt Breida,28,RB,59.95,3.5264705882352945,38.400000000000006,2.258823529411765,277,266,11
Kendre Miller,21,RB,55.2,6.9,38.300000000000004,4.7875000000000005,278,277,1
Zach Ertz,33,TE,71.95,10.278571428571428,38.2,5.457142857142857,279,233,46
Daniel Bellinger,23,TE,69.25,4.073529411764706,38,2.235294117647059,280,243,37
Hunter Renfrow,28,WR,50.5,2.9705882352941178,38,2.235294117647059,281,289,-8
Bo Melton,24,WR,47.25,9.45,37.9,7.58,282,297,-15
Alex Erickson,31,WR,45.2,5.65,37.2,4.65,283,302,-19
Dalvin Cook,28,RB,61.60000000000001,4.106666666666667,36.7,2.4466666666666668,284,257,27
Austin Hooper,29,TE,67.15,3.95,35.900000000000006,2.1117647058823534,285,246,39
Foster Moreau,26,TE,62.05,4.136666666666667,35.8,2.3866666666666663,286,254,32
Jamal Agnew,28,WR,42.6,3.872727272727273,35.3,3.209090909090909,287,307,-20
Salvon Ahmed,25,RB,48.150000000000006,6.018750000000001,34.900000000000006,4.362500000000001,288,296,-8
Jeff Wilson,28,RB,54.8,5.4799999999999995,34.3,3.4299999999999997,289,279,10
Mack Hollins,30,WR,43.1,3.3153846153846156,34.1,2.623076923076923,290,305,-15
Cedric Tillman,23,WR,44.7,3.192857142857143,33.7,2.4071428571428575,291,303,-12
Scott Miller,26,WR,39.1,2.3000000000000003,33.6,1.9764705882352942,292,322,-30
Hayden Hurst,30,TE,55.900000000000006,6.211111111111112,33.400000000000006,3.7111111111111117,293,275,18
Olamide Zaccheaus,26,WR,38.400000000000006,2.258823529411765,33.400000000000006,1.9647058823529415,294,323,-29
Harrison Bryant,25,TE,50.55,2.9735294117647055,33.4,1.964705882352941,295,288,7
Pharaoh Brown,29,TE,49.55,2.914705882352941,33.3,1.9588235294117646,296,291,5
Parker Washington,21,WR,41.2,4.577777777777778,33.2,3.688888888888889,297,312,-15
Trevor Siemian,32,QB,40.06,8.012,32.96,6.5920000000000005,298,317,-19
Chase Edmonds,27,RB,53.4,4.107692307692307,32.7,2.5153846153846158,299,281,18
Cordarrelle Patterson,32,RB,50.949999999999996,3.639285714285714,32.400000000000006,2.3142857142857145,300,286,14
Treylon Burks,23,WR,41.3,3.7545454545454544,31.900000000000002,2.9000000000000004,301,311,-10
Will Dissly,27,TE,52.95,3.309375,31.7,1.98125,302,282,20
Johnny Mundt,29,TE,52.95,3.114705882352941,31.7,1.8647058823529412,303,283,20
Ameer Abdullah,30,RB,46.95,2.761764705882353,31.5,1.8529411764705883,304,299,5
Kyle Juszczyk,32,FB,39.3,2.3117647058823527,31.5,1.8529411764705883,305,320,-15
Van Jefferson,27,WR,41.6,2.447058823529412,31.300000000000004,1.8411764705882356,306,310,-4
Andrew Ogletree,25,TE,42.45,3.5375,31.200000000000003,2.6,307,308,-1
Craig Reynolds,27,RB,46.65,2.7441176470588236,31.1,1.8294117647058825,308,301,7
Jimmy Graham,37,TE,38.4,2.9538461538461536,30.9,2.376923076923077,309,324,-15
Julio Jones,34,WR,36.4,3.309090909090909,30.9,2.809090909090909,310,332,-22
KhaDarel Hodge,28,WR,37.300000000000004,2.1941176470588237,30.200000000000003,1.7764705882352942,311,330,-19
Jamison Crowder,30,WR,37.9,2.2294117647058824,29.9,1.7588235294117647,312,328,-16
D'Ernest Johnson,27,RB,44.3,2.605882352941176,29.8,1.7529411764705882,313,304,9
Will Mallory,24,TE,52.2,4.3500000000000005,29.700000000000003,2.475,314,284,30
Tyler Scott,22,WR,40.650000000000006,2.3911764705882357,29.400000000000002,1.7294117647058824,315,314,1
Elijah Higgins,23,TE,46.8,4.254545454545454,29.3,2.6636363636363636,316,300,16
Andrew Beck,27,FB,35.45,2.3633333333333337,29.3,1.9533333333333334,317,335,-18
Drew Lock,27,QB,36.32,9.08,29.119999999999997,7.279999999999999,318,333,-15
Dyami Brown,24,WR,35.06,2.0623529411764707,28.96,1.703529411764706,319,337,-18
Ty Johnson,26,RB,42,4.2,28.900000000000002,2.89,320,309,11
Tony Jones,26,RB,39.550000000000004,5.65,28.7,4.1,321,318,3
Deonte Harty,26,WR,36.4,2.275,28.5,1.78125,322,331,-9
Deven Thompkins,24,WR,40.5,2.3823529411764706,28.400000000000002,1.6705882352941177,323,315,8
Connor Heyward,24,TE,57.05,3.355882352941176,28.2,1.6588235294117646,324,272,52
Ronnie Bell,23,WR,30.8,1.811764705882353,27.8,1.6352941176470588,325,354,-29
Quez Watkins,25,WR,35.2,3.9111111111111114,27.700000000000003,3.077777777777778,326,336,-10
Stone Smartt,25,TE,40.75,2.546875,27,1.6875,327,313,14
Jarrett Stidham,27,QB,31.939999999999998,10.646666666666667,26.64,8.88,328,349,-21
Irv Smith Jr,25,TE,49,4.083333333333333,26.5,2.2083333333333335,329,292,37
Darrynton Evans,25,RB,39.24999999999999,5.607142857142856,26.5,3.7857142857142856,330,321,9
Tank Bigsby,22,RB,38.4,2.2588235294117647,26.300000000000004,1.547058823529412,331,325,6
Malik Heath,23,WR,33.5,2.576923076923077,26,2,332,339,-7
Tyler Huntley,25,QB,35.870000000000005,7.174000000000001,25.62,5.1240000000000006,333,334,-1
Kyle Philips,24,WR,33.1,3.677777777777778,25.6,2.8444444444444446,334,341,-7
Sam Darnold,26,QB,32.230000000000004,3.2230000000000003,25.380000000000003,2.5380000000000003,335,348,-13
John Bates,26,TE,48.35,2.8441176470588236,24.6,1.447058823529412,336,295,41
Patrick Taylor,25,RB,40.24999999999999,3.6590909090909083,24.5,2.227272727272727,337,316,21
Derius Davis,23,WR,38.15,2.2441176470588236,24.200000000000003,1.4235294117647062,338,327,11
John Metchie,23,WR,32.5,2.03125,24.200000000000003,1.5125000000000002,339,347,-8
Carson Wentz,31,QB,32.620000000000005,16.310000000000002,24.12,12.06,340,345,-5
P.J. Walker,28,QB,28.76,4.793333333333334,23.96,3.9933333333333336,341,363,-22
Andy Dalton,36,QB,28.54,9.513333333333334,23.639999999999997,7.879999999999999,342,364,-22
Terrace Marshall Jr,23,WR,32.9,3.6555555555555554,23.4,2.5999999999999996,343,343,0
Jeremy Ruckert,23,TE,43.1,2.8733333333333335,23.1,1.54,344,306,38
Byron Pringle,30,WR,30.1,1.7705882352941178,23.1,1.3588235294117648,345,359,-14
Jacoby Brissett,31,QB,30.110000000000003,10.036666666666667,22.86,7.62,346,358,-12
River Cracraft,29,WR,27.1,2.71,22.6,2.2600000000000002,347,369,-22
Luke Schoonmaker,25,TE,32.5,1.911764705882353,22.5,1.3235294117647058,348,346,2
Ihmir Smith-Marsette,24,WR,31.000000000000004,1.823529411764706,22.5,1.3235294117647058,349,353,-4
Ray-Ray McCloud,27,WR,30.3,2.525,22.5,1.875,350,357,-7
Luke Farrell,26,TE,38.25,2.25,22,1.2941176470588236,351,326,25
Donovan Peoples-Jones,24,WR,28.5,1.9,22,1.4666666666666666,352,365,-13
Brock Wright,25,TE,37.85,2.7035714285714287,21.6,1.542857142857143,353,329,24
MyCole Pruitt,31,TE,32.75,1.9264705882352942,21.5,1.2647058823529411,354,344,10
C.J. Beathard,30,QB,26.01,3.7157142857142857,21.46,3.065714285714286,355,374,-19
Nick Chubb,28,RB,34.4,17.2,21.1,10.55,356,338,18
Jordan Akins,31,TE,39.45,2.320588235294118,20.700000000000003,1.2176470588235295,357,319,38
Tyquan Thornton,23,WR,30.049999999999997,3.3388888888888886,20.700000000000003,2.3000000000000003,358,360,-2
Robbie Chosen,30,WR,22.6,2.511111111111111,20.6,2.288888888888889,359,388,-29
Davis Allen,22,TE,33,2.2,20.5,1.3666666666666667,360,342,18
Parris Campbell,26,WR,30.4,2.533333333333333,20.4,1.7,361,356,5
Melvin Gordon,30,RB,28.35,7.0875,20.2,5.05,362,366,-4
Mecole Hardman,25,WR,27.950000000000003,2.540909090909091,20.2,1.8363636363636362,363,367,-4
Dorian Thompson-Robinson,24,QB,26.75,3.34375,20.1,2.5125,364,372,-8
Trent Sherfield,27,WR,25.6,1.5058823529411764,20.1,1.1823529411764706,365,377,-12
Josh Whyle,24,TE,31.15,2.8318181818181816,19.9,1.8090909090909089,366,352,14
Jalen Guyton,26,WR,24.9,3.1125,19.9,2.4875,367,380,-13
Kevin Harris,23,RB,26.150000000000002,6.5375000000000005,19.8,4.95,368,373,-5
Lucas Krull,25,TE,29.5,4.214285714285714,19.5,2.7857142857142856,369,362,7
Jalen Reagor,24,WR,23.450000000000003,2.1318181818181823,19,1.7272727272727273,370,386,-16
Trey Sermon,24,RB,31.8,2.2714285714285714,18.8,1.342857142857143,371,350,21
Stephen Sullivan,27,TE,33.5,3.0454545454545454,18.5,1.6818181818181819,372,340,32
Alec Ingold,27,FB,25.1,1.4764705882352942,18.4,1.0823529411764705,373,379,-6
Charlie Kolar,24,TE,26.950000000000003,1.7966666666666669,18.200000000000003,1.2133333333333336,374,370,4
Damien Harris,26,RB,26.000000000000004,4.333333333333334,18,3,375,375,0
Xavier Hutchinson,23,WR,24.85,1.553125,17.9,1.11875,376,381,-5
David Moore,28,WR,20.4,2.914285714285714,17.9,2.557142857142857,377,398,-21
Chase Claypool,25,WR,21.7,1.8083333333333333,17.7,1.4749999999999999,378,390,-12
Ronnie Rivers,24,RB,29.749999999999996,3.3055555555555554,17.6,1.9555555555555557,379,361,18
Cole Turner,23,TE,31.25,2.6041666666666665,17.5,1.4583333333333333,380,351,29
Ben Skowronek,26,WR,22.150000000000002,1.3029411764705883,17.5,1.0294117647058822,381,389,-8
Sterling Shepard,30,WR,22.7,1.5133333333333332,17.3,1.1533333333333333,382,387,-5
Lynn Bowden Jr,26,WR,24.6,1.6400000000000001,17,1.1333333333333333,383,382,1
Robert Tonyan,29,TE,30.450000000000003,1.7911764705882354,16.700000000000003,0.9823529411764708,384,355,29
Laviska Shenault Jr,25,WR,25.45,3.18125,16.5,2.0625,385,378,7
Richie James,28,WR,21.4,2.3777777777777778,16.4,1.822222222222222,386,392,-6
Isaiah Spiller,22,RB,27.5,3.0555555555555554,16,1.7777777777777777,387,368,19
Davis Mills,25,QB,20.470000000000002,3.411666666666667,15.82,2.6366666666666667,388,396,-8
C.J. Uzomah,30,TE,25.8,2.15,15.8,1.3166666666666667,389,376,13
Boston Scott,28,RB,24.099999999999998,1.6066666666666665,15.8,1.0533333333333335,390,383,7
Tyler Goodson,23,RB,23.75,3.9583333333333335,15.100000000000001,2.516666666666667,391,385,6
Isaiah McKenzie,28,WR,21.6,1.6615384615384616,15.100000000000001,1.1615384615384616,392,391,1
Israel Abanikanda,21,RB,24,4,14.8,2.466666666666667,393,384,9
Geoff Swaim,30,TE,26.9,1.9214285714285713,14.4,1.0285714285714287,394,371,23
Jason Brownlee,24,WR,16.6,2.3714285714285714,14.100000000000001,2.0142857142857147,395,411,-16
Jeff Driskel,30,QB,20.29,20.29,13.940000000000001,13.940000000000001,396,399,-3
Tim Jones,25,WR,19.3,1.1352941176470588,13.8,0.8117647058823529,397,402,-5
Marcus Mariota,30,QB,19.16,6.386666666666667,13.760000000000002,4.586666666666667,398,404,-6
Patrick Ricard,29,FB,16.2,0.9529411764705882,13.7,0.8058823529411764,399,414,-15
D.J. Montgomery,27,WR,14.600000000000001,2.085714285714286,13.100000000000001,1.8714285714285717,400,426,-26
Emanuel Wilson,24,RB,20.45,2.9214285714285713,12.8,1.8285714285714287,401,397,4
La'Mical Perine,25,RB,20.05,6.683333333333334,12.5,4.166666666666667,402,400,2
Randall Cobb,33,WR,14.9,1.3545454545454545,12.4,1.1272727272727272,403,424,-21
Keith Kirkwood,29,WR,14.7,1.1307692307692307,12.2,0.9384615384615385,404,425,-21
Raheem Blackshear,24,RB,18.799999999999997,1.5666666666666664,12.100000000000001,1.0083333333333335,405,405,0
Keaontay Ingram,24,RB,21.200000000000003,2.6500000000000004,12,1.5,406,394,12
Brenton Strange,23,TE,18.25,1.3035714285714286,12,0.8571428571428571,407,407,0
Marquise Goodwin,33,WR,16.05,1.3375000000000001,12,1,408,416,-8
Jameis Winston,29,QB,16.160000000000004,2.308571428571429,11.960000000000003,1.7085714285714289,409,415,-6
Samori Toure,25,WR,15.8,1.4363636363636365,11.8,1.0727272727272728,410,418,-8
Lawrence Cager,26,TE,16.6,1.5090909090909093,11.6,1.0545454545454545,411,412,-1
Deuce Vaughn,22,RB,19.3,2.757142857142857,11.5,1.6428571428571428,412,403,9
Trayveon Williams,26,RB,19.85,1.1676470588235295,11.4,0.6705882352941177,413,401,12
Hunter Luepke,23,RB,14.25,0.8382352941176471,11.200000000000001,0.6588235294117648,414,430,-16
Charlie Jones,25,WR,15.55,1.4136363636363638,11.2,1.018181818181818,415,419,-4
Blake Bell,32,TE,17.35,1.0205882352941178,11.1,0.6529411764705882,416,409,7
Marcedes Lewis,39,TE,15.9,0.9352941176470588,10.9,0.6411764705882353,417,417,0
Tim Boyle,29,QB,13.549999999999999,4.516666666666667,10.899999999999999,3.633333333333333,418,432,-14
J.K. Dobbins,25,RB,13.600000000000001,13.600000000000001,10.7,10.7,419,431,-12
Chris Brooks,23,RB,17.799999999999997,1.9777777777777774,10.600000000000001,1.177777777777778,420,408,12
Josiah Deguara,26,TE,20.5,1.3666666666666667,10.5,0.7,421,395,26
Brycen Hopkins,26,TE,16.55,1.1033333333333333,10.3,0.6866666666666668,422,413,9
Mitchell Wilcox,27,TE,21.35,1.2558823529411764,10.100000000000001,0.5941176470588236,423,393,30
Ben Sims,23,TE,15.1,0.888235294117647,10.1,0.5941176470588235,424,421,3
Eric Gray,24,RB,17.099999999999998,1.3153846153846152,10,0.7692307692307693,425,410,15
Nick Bawden,27,FB,11.9,0.74375,10,0.625,426,438,-12
Mike Boone,28,RB,14.95,1.661111111111111,9.8,1.088888888888889,427,423,4
Case Keenum,35,QB,11.99,5.995,9.74,4.87,428,437,-9
Darnell Washington,22,TE,18.35,1.0794117647058825,9.600000000000001,0.5647058823529413,429,406,23
Quintin Morris,24,TE,12.1,0.8066666666666666,9.6,0.64,430,436,-6
Jalen Brooks,23,WR,12.4,1.7714285714285716,9.4,1.342857142857143,431,435,-4
DeeJay Dallas,25,RB,14.999999999999998,0.8823529411764705,9.2,0.5411764705882353,432,422,10
Velus Jones Jr,26,WR,14.45,1.032142857142857,9.100000000000001,0.6500000000000001,433,428,5
Gary Brightwell,24,RB,13.45,1.9214285714285713,9.100000000000001,1.3000000000000003,434,433,1
Brandon Bolden,33,RB,11.049999999999999,0.6499999999999999,9.1,0.5352941176470588,435,441,-6
Equanimeous St. Brown,27,WR,11.2,1.5999999999999999,8.7,1.2428571428571427,436,440,-4
Chris Conley,31,WR,9.9,1.2375,8.4,1.05,437,451,-14
Payne Durham,23,TE,14.55,1.1192307692307693,8.3,0.6384615384615385,438,427,11
Justyn Ross,24,WR,11.3,1.1300000000000001,8.3,0.8300000000000001,439,439,0
Ian Thomas,27,TE,14.350000000000001,1.1958333333333335,8.100000000000001,0.6750000000000002,440,429,11
Rakim Jarrett,22,WR,10.1,1.01,8,0.8,441,450,-9
Julian Hill,23,TE,15.3,1.02,7.800000000000001,0.52,442,420,22
Tyler Johnson,25,WR,8.8,8.8,7.8,7.8,443,457,-14
DeAndre Carter,30,WR,10.9,0.6411764705882353,7.7,0.45294117647058824,444,442,2
Clayton Tune,24,QB,9.780000000000001,1.3971428571428572,7.48,1.0685714285714287,445,453,-8
Ty Montgomery,30,WR,10.65,0.8192307692307692,7.4,0.5692307692307692,446,447,-1
Simi Fehoko,26,WR,7.9,1.3166666666666667,7.4,1.2333333333333334,447,464,-17
Brett Rypien,27,QB,8.030000000000001,4.015000000000001,6.78,3.39,448,462,-14
C.J. Ham,30,FB,10.65,0.6264705882352941,6.7,0.3941176470588235,449,448,1
Ko Kieft,25,TE,7.95,0.496875,6.7,0.41875,450,463,-13
Damien Williams,31,RB,10.75,3.5833333333333335,6.5,2.1666666666666665,451,446,5
Jack Stoll,25,TE,12.55,0.7382352941176471,6.300000000000001,0.37058823529411766,452,434,18
Keelan Doss,27,WR,9.3,1.86,6.300000000000001,1.2600000000000002,453,454,-1
Dare Ogunbowale,29,RB,9.850000000000001,0.8208333333333334,6.3,0.525,454,452,2
Britain Covey,26,WR,8.2,0.5125,6.2,0.3875,455,461,-6
Jaren Hall,25,QB,7.42,2.473333333333333,6.12,2.04,456,469,-13
Marvin Jones,33,WR,8.5,1.4166666666666667,6,1,457,458,-1
Grant Calcaterra,25,TE,10.9,0.7266666666666667,5.9,0.39333333333333337,458,443,15
Blaine Gabbert,34,QB,8.85,4.425,5.9,2.95,459,456,3
Peyton Hendershot,24,TE,10.9,1.3625,5.800000000000001,0.7250000000000001,460,444,16
Deon Jackson,24,RB,10.200000000000001,2.5500000000000003,5.5,1.375,461,449,12
Ke'Shawn Vaughn,26,RB,10.899999999999999,1.8166666666666664,5.4,0.9,462,445,17
Elijah Cooks,25,WR,6.800000000000001,0.7555555555555556,5.300000000000001,0.588888888888889,463,472,-9
Devin Duvernay,26,WR,8.450000000000001,0.6500000000000001,5.3,0.4076923076923077,464,459,5
Malik Willis,24,QB,6.609999999999999,2.203333333333333,5.0600000000000005,1.6866666666666668,465,474,-9
Mike Strachan,26,WR,5.5,1.375,5,1.25,466,484,-18
Brian Hoyer,38,QB,5.09,1.6966666666666665,4.94,1.6466666666666667,467,488,-21
Austin Trammell,25,WR,6.9,0.43125,4.9,0.30625,468,471,-3
Keith Smith,31,FB,6.300000000000001,0.48461538461538467,4.800000000000001,0.3692307692307693,469,478,-9
Charlie Woerner,26,TE,8.45,0.4970588235294117,4.7,0.27647058823529413,470,460,10
Jalen Nailor,24,WR,5.9,0.9833333333333334,4.4,0.7333333333333334,471,480,-9
Rashaad Penny,27,RB,7.550000000000001,2.516666666666667,4.300000000000001,1.4333333333333336,472,468,4
Teagan Quitoriano,23,TE,6.800000000000001,0.9714285714285715,4.300000000000001,0.6142857142857144,473,473,0
Khari Blasingame,27,FB,7.9,0.49375,4.3,0.26875,474,465,9
Nate Adkins,24,TE,9.2,0.9199999999999999,4.2,0.42000000000000004,475,455,20
Sean Tucker,22,RB,7.85,0.7136363636363636,4.2,0.38181818181818183,476,466,10
Steven Sims,26,WR,5.75,1.9166666666666667,4.1,1.3666666666666665,477,483,-6
Kenyan Drake,29,RB,5.300000000000001,1.7666666666666668,4.1,1.3666666666666665,478,485,-7
Mike White,28,QB,6.410000000000001,1.0683333333333336,4.06,0.6766666666666666,479,476,3
Greg Dulcich,23,TE,7.75,3.875,4,2,480,467,13
Leonard Fournette,28,RB,7.2,3.6,4,2,481,470,11
Zach Pascal,29,WR,5.9,0.42142857142857143,3.9000000000000004,0.2785714285714286,482,481,1
James Mitchell,24,TE,6.300000000000001,0.42000000000000004,3.8000000000000003,0.25333333333333335,483,477,6
Kenny Yeboah,25,TE,6.300000000000001,1.2600000000000002,3.8000000000000003,0.76,484,479,5
Adam Prentice,26,FB,5.2,0.4,3.4000000000000004,0.26153846153846155,485,486,-1
Cooper Rush,30,QB,4.21,0.6014285714285714,3.26,0.4657142857142857,486,493,-7
Michael Burton,31,FB,5.85,0.34411764705882353,3.2,0.18823529411764706,487,482,5
Miles Boykin,27,WR,4.7,0.27647058823529413,3.2,0.18823529411764706,488,489,-1
Elijah Dotson,24,RB,4.6,1.15,2.9000000000000004,0.7250000000000001,489,490,-1
Kayshon Boutte,21,WR,3.9000000000000004,0.78,2.9000000000000004,0.5800000000000001,490,497,-7
Jashaun Corbin,23,RB,4.45,0.7416666666666667,2.8000000000000003,0.46666666666666673,491,491,0
Alex Armah,29,RB,4.3,0.5375,2.8,0.35,492,492,0
Eric Saubert,29,TE,6.45,0.645,2.7,0.27,493,475,18
Nick Muse,25,TE,3.95,1.975,2.7,1.35,494,496,-2
Jake Funk,25,RB,3.9000000000000004,0.9750000000000001,2.7,0.675,495,498,-3
Chris Manhertz,31,TE,5.1,0.31875,2.6,0.1625,496,487,9
Derrick Gore,29,RB,4.2,0.7000000000000001,2.6,0.43333333333333335,497,494,3
Zonovan Knight,22,RB,4.05,2.025,2.6,1.3,498,495,3
Trevon Wesco,28,TE,3.85,0.25666666666666665,2.6,0.17333333333333334,499,499,0
Willie Snead,31,WR,3.4000000000000004,0.8500000000000001,2.4000000000000004,0.6000000000000001,500,503,-3
Malik Taylor,28,WR,3.3,1.0999999999999999,2.3,0.7666666666666666,501,504,-3
Erik Ezukanma,23,WR,3.8,1.9,2.2,1.1,502,500,2
Tyrion Davis-Price,23,RB,3.75,3.75,2.1,2.1,503,501,2
Anthony McFarland Jr,24,RB,3.1,1.0333333333333334,2.1,0.7000000000000001,504,505,-1
Laquon Treadwell,28,WR,2.6,0.52,2.1,0.42000000000000004,505,512,-7
Zach Evans,22,RB,3.75,0.375,1.9000000000000001,0.19,506,502,4
Trishton Jackson,25,WR,2.9,0.41428571428571426,1.9,0.2714285714285714,507,508,-1
Devine Ozigbo,27,RB,2.8499999999999996,0.9499999999999998,1.8,0.6,508,510,-2
Ross Dwelley,28,TE,2.95,0.24583333333333335,1.7000000000000002,0.1416666666666667,509,506,3
John FitzPatrick,23,TE,2.95,0.3277777777777778,1.7000000000000002,0.1888888888888889,510,507,3
Jakob Johnson,29,FB,2.2,0.16923076923076924,1.7000000000000002,0.13076923076923078,511,517,-6
Chris Evans,26,RB,2.9,0.3625,1.6,0.2,512,509,3
Tylan Wallace,24,WR,2.1,0.19090909090909092,1.6,0.14545454545454548,513,519,-6
Collin Johnson,26,WR,2.1,0.7000000000000001,1.6,0.5333333333333333,514,520,-6
Cody Thompson,27,WR,2,0.2857142857142857,1.5,0.21428571428571427,515,522,-7
Tucker Fisk,24,TE,2.65,0.44166666666666665,1.4,0.2333333333333333,516,511,5
Kene Nwangwu,25,RB,2.45,0.27222222222222225,1.3,0.14444444444444446,517,514,3
Sean Clifford,25,QB,1.48,0.74,1.28,0.64,518,526,-8
Evan Hull,23,RB,1.85,1.85,1.2000000000000002,1.2000000000000002,519,524,-5
Cole Fotheringham,26,TE,2.35,1.175,1.1,0.55,520,515,5
Kevin Rader,28,TE,2.35,0.16785714285714287,1.1,0.07857142857142858,521,516,5
Jonathan Ward,26,RB,1.95,0.2785714285714286,1.1,0.15714285714285717,522,523,-1
Mason Kinsey,25,WR,1.6,0.26666666666666666,1.1,0.18333333333333335,523,525,-2
Jesper Horsted,26,TE,2.15,0.16538461538461538,0.9,0.06923076923076923,524,518,6
Nick Vannett,30,TE,2.05,0.25625,0.8,0.1,525,521,4
Colton Dowell,24,WR,1.3,0.13,0.8,0.08,526,527,-1
Reggie Gilliam,26,FB,1.3,0.07647058823529412,0.8,0.047058823529411764,527,528,-1
A.J. McCarron,33,QB,0.76,0.38,0.76,0.38,528,535,-7
Antoine Green,24,WR,1.2,0.13333333333333333,0.7,0.07777777777777778,529,529,0
Kwamie Lassiter II,25,WR,1.2,1.2,0.7,0.7,530,530,0
Giovanni Ricci,27,FB,1.2,0.24,0.7,0.13999999999999999,531,531,0
Gunner Olszewski,27,WR,1,0.08333333333333333,0.5,0.041666666666666664,532,533,-1
D'Wayne Eskridge,26,WR,0.95,0.2375,0.5,0.125,533,534,-1
James Robinson,25,RB,1.2,1.2,0.49999999999999994,0.49999999999999994,534,532,2
David Wells,28,TE,2.5,0.5,0,0,535,513,22
Jason Cabinda,27,FB,0.1,0.025,0,0,536,536,0
Devon Allen,29,WR,0,0,0,0,537,538,-1
Stephen Anderson,30,TE,0,0,0,0,538,539,-1
Andre Baccellia,26,WR,0,0,0,0,539,540,-1
Michael Bandy,26,WR,0,0,0,0,540,541,-1
Nick Bellore,34,FB,0,0,0,0,541,542,-1
Chris Blair,26,WR,0,0,0,0,542,543,-1
Matt Bushman,28,TE,0,0,0,0,543,544,-1
Terrell Bynum,25,WR,0,0,0,0,544,545,-1
Damiere Byrd,30,WR,0,0,0,0,545,546,-1
Marquez Callaway,25,WR,0,0,0,0,546,547,-1
Stephen Carlson,27,TE,0,0,0,0,547,548,-1
Irvin Charles,26,WR,0,0,0,0,548,549,-1
Julius Chestnut,23,RB,0,0,0,0,549,550,-1
Dan Chisena,26,WR,0,0,0,0,550,551,-1
Corey Clement,29,RB,0,0,0,0,551,552,-1
Tanner Conner,25,TE,0,0,0,0,552,553,-1
Malik Cunningham,25,QB,0,0,0,0,553,554,-1
Darrell Daniels,29,TE,0,0,0,0,554,555,-1
Frank Darby,26,WR,0,0,0,0,555,556,-1
Jaelon Darden,24,WR,0,0,0,0,556,557,-1
Malik Davis,25,RB,0,0,0,0,557,558,-1
Phillip Dorsett,30,WR,0,0,0,0,558,559,-1
Dylan Drummond,23,WR,0,0,0,0,559,560,-1
Sam Ehlinger,25,QB,0,0,0,0,560,561,-1
Princeton Fant,24,TE,0,0,0,0,561,562,-1
Ethan Fernea,25,WR,0,0,0,0,562,563,-1
Anthony Firkser,28,TE,0,0,0,0,563,564,-1
Dez Fitzpatrick,26,WR,0,0,0,0,564,565,-1
Myles Gaskin,26,RB,0,0,0,0,565,566,-1
Zach Gentry,27,TE,0,0,0,0,566,567,-1
Jacob Harris,26,WR,0,0,0,0,567,568,-1
N'Keal Harry,26,WR,0,0,0,0,568,569,-1
Jamycal Hasty,27,RB,0,0,0,0,569,570,-1
Parker Hesse,28,TE,0,0,0,0,570,571,-1
J.P. Holtz,30,TE,0,0,0,0,571,572,-1
Travis Homer,25,RB,0,0,0,0,572,573,-1
Mohamed Ibrahim,25,RB,0,0,0,0,573,574,-1
Godwin Igwebuike,29,RB,0,0,0,0,574,575,-1
Andy Isabella,27,WR,0,0,0,0,575,576,-1
Kearis Jackson,24,WR,0,0,0,0,576,577,-1
Lucky Jackson,26,WR,0,0,0,0,577,578,-1
Shedrick Jackson,24,WR,0,0,0,0,578,579,-1
Tyree Jackson,26,TE,0,0,0,0,579,580,-1
Johnny Johnson,24,WR,0,0,0,0,580,581,-1
Taiwan Jones,35,RB,0,0,0,0,581,582,-1
Hunter Kampmoyer,25,TE,0,0,0,0,582,583,-1
Dalton Keene,24,TE,0,0,0,0,583,584,-1
Tyler Kroft,31,TE,0,0,0,0,584,585,-1
Zack Kuntz,24,TE,0,0,0,0,585,586,-1
Hunter Long,25,TE,0,0,0,0,586,587,-1
Tay Martin,26,WR,0,0,0,0,587,588,-1
Ben Mason,24,FB,0,0,0,0,588,589,-1
Jordan Matthews,31,TE,0,0,0,0,589,590,-1
Kenny McIntosh,23,RB,0,0,0,0,590,591,-1
Sean McKeon,26,TE,0,0,0,0,591,592,-1
Tre' McKitty,24,TE,0,0,0,0,592,593,-1
Jeremy McNichols,28,RB,0,0,0,0,593,594,-1
Kirk Merritt,26,WR,0,0,0,0,594,595,-1
Ryan Miller,23,WR,0,0,0,0,595,596,-1
Jordan Mims,24,RB,0,0,0,0,596,597,-1
Stanley Morgan Jr,27,WR,0,0,0,0,597,598,-1
Albert Okwuegbunam,25,TE,0,0,0,0,598,599,-1
Qadree Ollison,27,RB,0,0,0,0,599,600,-1
Henry Pearson,24,FB,0,0,0,0,600,601,-1
Josh Pederson,26,TE,0,0,0,0,601,602,-1
Deneric Prince,23,RB,0,0,0,0,602,603,-1
Aaron Rodgers,40,QB,0,0,0,0,603,604,-1
Amari Rodgers,24,WR,0,0,0,0,604,605,-1
Brady Russell,25,TE,0,0,0,0,605,606,-1
David Sills,27,WR,0,0,0,0,606,607,-1
Matthew Slater,38,WR,0,0,0,0,607,608,-1
Tre'Quan Smith,27,WR,0,0,0,0,608,609,-1
Matt Sokol,28,TE,0,0,0,0,609,610,-1
SaRodorick Thompson,24,RB,0,0,0,0,610,611,-1
Mitchell Tinsley,24,WR,0,0,0,0,611,612,-1
Noah Togiai,26,TE,0,0,0,0,612,613,-1
DJ Turner,26,WR,0,0,0,0,613,614,-1
Xazavian Valladay,25,RB,0,0,0,0,614,615,-1
Travis Vokolek,25,TE,0,0,0,0,615,616,-1
Dwayne Washington,29,RB,0,0,0,0,616,617,-1
Montrell Washington,24,WR,0,0,0,0,617,618,-1
Blake Whiteheart,23,TE,0,0,0,0,618,619,-1
Kristian Wilkerson,26,WR,0,0,0,0,619,620,-1
Brayden Willis,24,TE,0,0,0,0,620,621,-1
Rodney Williams,25,TE,0,0,0,0,621,622,-1
Juwann Winfree,27,WR,0,0,0,0,622,623,-1
Easop Winston,27,WR,0,0,0,0,623,624,-1
Owen Wright,24,RB,0,0,0,0,624,625,-1
Dareke Young,24,WR,0,0,0,0,625,626,-1
James Proche,27,WR,0,0,0,0,626,627,-1
Kyle Trask,25,QB,-0.04999999999999999,-0.024999999999999994,-0.1,-0.05,627,628,-1
Teddy Bridgewater,31,QB,-0.09999999999999998,-0.09999999999999998,-0.2,-0.2,628,629,-1
Jonathan Williams,29,RB,-0.19999999999999998,-0.19999999999999998,-0.2,-0.2,629,631,-2
Trent Taylor,29,WR,-0.19999999999999998,-0.011764705882352941,-0.2,-0.011764705882352941,630,632,-2
Matt Barkley,33,QB,-0.1499999999999999,-0.1499999999999999,-0.30000000000000004,-0.30000000000000004,631,630,1
Logan Woodside,28,QB,0.07999999999999999,0.07999999999999999,-0.31999999999999984,-0.31999999999999984,632,537,95
Nathan Peterman,29,QB,-0.39999999999999997,-0.19999999999999998,-0.4,-0.2,633,633,0
Kyle Allen,27,QB,-0.6499999999999999,-0.09285714285714285,-1.3,-0.18571428571428572,634,634,0
Dalvin Cook,28,RB,NA,NA,NA,NA,635,635,0
Dan Chisena,26,WR,NA,NA,NA,NA,636,636,0
